LaunchId,LaunchTime,LaunchStatus,RocketName,RocketOrganisation,Location,LaunchYear,Emissions
68,2019-03-02 07:49:00+00:00,Success,Falcon 9 Block 5,SpaceX,"LC-39A, Kennedy Space Center, Florida, USA",2019,1288350.0
69,2019-01-11 15:31:00+00:00,Success,Falcon 9 Block 5,SpaceX,"SLC-4E, Vandenberg SFB, California, USA",2019,1288350.0
73,2019-06-25 06:30:00+00:00,Success,Falcon Heavy,SpaceX,"LC-39A, Kennedy Space Center, Florida, USA",2019,4473000.0
72,2019-06-12 14:17:00+00:00,Success,Falcon 9 Block 5,SpaceX,"SLC-4E, Vandenberg SFB, California, USA",2019,1288350.0
82,2020-05-30 19:22:00+00:00,Success,Falcon 9 Block 5,SpaceX,"LC-39A, Kennedy Space Center, Florida, USA",2020,1288350.0
83,2019-05-04 06:48:00+00:00,Success,Falcon 9 Block 5,SpaceX,"SLC-40, Cape Canaveral SFS, Florida, USA",2019,1288350.0
84,2020-06-30 20:10:00+00:00,Success,Falcon 9 Block 5,SpaceX,"SLC-40, Cape Canaveral SFS, Florida, USA",2020,1288350.0
85,2019-08-06 23:23:00+00:00,Success,Falcon 9 Block 5,SpaceX,"SLC-40, Cape Canaveral SFS, Florida, USA",2019,1288350.0
86,2019-04-11 22:35:00+00:00,Success,Falcon Heavy,SpaceX,"LC-39A, Kennedy Space Center, Florida, USA",2019,4473000.0
89,2019-07-25 22:01:00+00:00,Success,Falcon 9 Block 5,SpaceX,"SLC-40, Cape Canaveral SFS, Florida, USA",2019,1288350.0
90,2020-08-30 23:18:00+00:00,Success,Falcon 9 Block 5,SpaceX,"SLC-40, Cape Canaveral SFS, Florida, USA",2020,1288350.0
92,2019-12-17 00:10:00+00:00,Success,Falcon 9 Block 5,SpaceX,"SLC-40, Cape Canaveral SFS, Florida, USA",2019,1288350.0
93,2020-12-13 17:30:00+00:00,Success,Falcon 9 Block 5,SpaceX,"SLC-40, Cape Canaveral SFS, Florida, USA",2020,1288350.0
94,2021-06-06 04:26:00+00:00,Success,Falcon 9 Block 5,SpaceX,"SLC-40, Cape Canaveral SFS, Florida, USA",2021,1288350.0
95,2019-12-05 17:29:00+00:00,Success,Falcon 9 Block 5,SpaceX,"SLC-40, Cape Canaveral SFS, Florida, USA",2019,1288350.0
96,2021-06-17 16:09:00+00:00,Success,Falcon 9 Block 5,SpaceX,"SLC-40, Cape Canaveral SFS, Florida, USA",2021,1288350.0
98,2020-03-07 04:50:00+00:00,Success,Falcon 9 Block 5,SpaceX,"SLC-40, Cape Canaveral SFS, Florida, USA",2020,1288350.0
99,2021-01-08 02:15:00+00:00,Success,Falcon 9 Block 5,SpaceX,"SLC-40, Cape Canaveral SFS, Florida, USA",2021,1288350.0
100,2020-11-21 17:17:00+00:00,Success,Falcon 9 Block 5,SpaceX,"SLC-4E, Vandenberg SFB, California, USA",2020,1288350.0
101,2020-11-05 23:24:00+00:00,Success,Falcon 9 Block 5,SpaceX,"SLC-40, Cape Canaveral SFS, Florida, USA",2020,1288350.0
104,2021-12-19 03:58:00+00:00,Success,Falcon 9 Block 5,SpaceX,"SLC-40, Cape Canaveral SFS, Florida, USA",2021,1288350.0
109,2021-06-03 17:29:00+00:00,Success,Falcon 9 Block 5,SpaceX,"LC-39A, Kennedy Space Center, Florida, USA",2021,1288350.0
108,2020-12-06 16:17:00+00:00,Success,Falcon 9 Block 5,SpaceX,"LC-39A, Kennedy Space Center, Florida, USA",2020,1288350.0
119,2019-08-19 12:12:00+00:00,Success,Electron/Curie,Rocket Lab,"Rocket Lab LC-1A, Māhia Peninsula, New Zealand",2019,40950.0
170,2019-12-20 11:36:00+00:00,Success,Atlas V N22,ULA,"SLC-41, Cape Canaveral SFS, Florida, USA",2019,897750.0
262,2019-10-11 01:59:00+00:00,Success,Pegasus XL,Northrop,"Stargazer, Cape Canaveral SFS, Florida, USA",2019,85500.0
361,2021-06-15 13:35:00+00:00,Success,Minotaur I,Northrop,"LP-0B, Wallops Flight Facility, Virginia, USA",2021,61275.0
366,2019-12-26 23:11:00+00:00,Success,Rokot/Briz KM,VKS RF,"Site 133/3, Plesetsk Cosmodrome, Russia",2019,385200.0
372,2019-04-17 20:46:00+00:00,Success,Antares 230,Northrop,"LP-0A, Wallops Flight Facility, Virginia, USA",2019,771750.0
373,2019-11-02 13:59:00+00:00,Success,Antares 230+,Northrop,"LP-0A, Wallops Flight Facility, Virginia, USA",2019,787500.0
374,2019-11-13 03:40:00+00:00,Success,Kuaizhou 1A,ExPace,"Site 95, Jiuquan Satellite Launch Center, China",2019,142500.0
382,2019-02-21 16:47:00+00:00,Success,Soyuz 2.1b/Fregat-M,VKS RF,"Site 31/6, Baikonur Cosmodrome, Kazakhstan",2019,863100.0
383,2021-02-28 06:55:00+00:00,Success,Soyuz 2.1b/Fregat-M,Roscosmos,"Site 31/6, Baikonur Cosmodrome, Kazakhstan",2021,863100.0
384,2019-07-05 05:41:00+00:00,Success,Soyuz 2.1b/Fregat-M,Roscosmos,"Site 1S, Vostochny Cosmodrome, Russia",2019,863100.0
387,2019-08-08 10:13:00+00:00,Success,Atlas V 551,ULA,"SLC-41, Cape Canaveral SFS, Florida, USA",2019,960750.0
388,2020-03-26 20:18:00+00:00,Success,Atlas V 551,ULA,"SLC-41, Cape Canaveral SFS, Florida, USA",2020,960750.0
389,2020-02-10 04:03:00+00:00,Success,Atlas V 411,ULA,"SLC-41, Cape Canaveral SFS, Florida, USA",2020,894600.0
390,2021-12-07 10:19:00+00:00,Success,Atlas V 551,ULA,"SLC-41, Cape Canaveral SFS, Florida, USA",2021,960750.0
391,2020-05-17 13:14:00+00:00,Success,Atlas V 501,ULA,"SLC-41, Cape Canaveral SFS, Florida, USA",2020,894600.0
400,2020-11-13 22:32:00+00:00,Success,Atlas V 531,ULA,"SLC-41, Cape Canaveral SFS, Florida, USA",2020,945000.0
399,2020-07-30 11:50:00+00:00,Success,Atlas V 541,ULA,"SLC-41, Cape Canaveral SFS, Florida, USA",2020,945000.0
401,2021-09-27 18:12:00+00:00,Success,Atlas V 401,ULA,"SLC-3E, Vandenberg SFB, California, USA",2021,696150.0
406,2019-03-22 01:50:00+00:00,Success,Vega,Arianespace,"ELV-1, Guiana Space Centre, French Guiana, France",2019,376750.0
407,2020-09-03 01:51:00+00:00,Success,Vega,Arianespace,"ELV-1, Guiana Space Centre, French Guiana, France",2020,376750.0
409,2020-11-17 01:52:00+00:00,Failure,Vega,Arianespace,"ELV-1, Guiana Space Centre, French Guiana, France",2020,376750.0
411,2019-07-11 01:53:00+00:00,Failure,Vega,Arianespace,"ELV-1, Guiana Space Centre, French Guiana, France",2019,376750.0
412,2020-12-02 01:33:00+00:00,Success,Soyuz ST-A/Fregat-M,Arianespace,"ELS, Guiana Space Centre, French Guiana, France",2020,863100.0
414,2021-04-29 01:50:00+00:00,Success,Vega,Arianespace,"ELV-1, Guiana Space Centre, French Guiana, France",2021,376750.0
415,2021-11-16 09:27:00+00:00,Success,Vega,Arianespace,"ELV-1, Guiana Space Centre, French Guiana, France",2021,376750.0
426,2019-06-20 21:43:00+00:00,Success,Ariane 5 ECA,Arianespace,"ELA-3, Guiana Space Centre, French Guiana, France",2019,522000.0
428,2019-08-06 19:30:00+00:00,Success,Ariane 5 ECA,Arianespace,"ELA-3, Guiana Space Centre, French Guiana, France",2019,522000.0
429,2019-11-26 21:23:00+00:00,Success,Ariane 5 ECA,Arianespace,"ELA-3, Guiana Space Centre, French Guiana, France",2019,522000.0
430,2021-07-30 21:00:00+00:00,Success,Ariane 5 ECA,Arianespace,"ELA-3, Guiana Space Centre, French Guiana, France",2021,522000.0
431,2020-02-18 22:18:00+00:00,Success,Ariane 5 ECA,Arianespace,"ELA-3, Guiana Space Centre, French Guiana, France",2020,522000.0
436,2020-08-15 22:04:00+00:00,Success,Ariane 5 ECA,Arianespace,"ELA-3, Guiana Space Centre, French Guiana, France",2020,522000.0
434,2020-01-16 21:05:00+00:00,Success,Ariane 5 ECA,Arianespace,"ELA-3, Guiana Space Centre, French Guiana, France",2020,522000.0
439,2021-12-25 12:20:00+00:00,Success,Ariane 5 ECA,Arianespace,"ELA-3, Guiana Space Centre, French Guiana, France",2021,522000.0
441,2021-10-24 02:10:00+00:00,Success,Ariane 5 ECA,Arianespace,"ELA-3, Guiana Space Centre, French Guiana, France",2021,522000.0
461,2019-01-18 00:50:00+00:00,Success,Epsilon PBS,JAXA,"Mu Pad, Uchinoura Space Center, Japan",2019,259350.0
462,2021-11-09 00:55:00+00:00,Success,Epsilon PBS,JAXA,"Mu Pad, Uchinoura Space Center, Japan",2021,259350.0
463,2019-09-24 16:05:00+00:00,Success,H-IIB,MHI,"LA-Y2, Tanegashima Space Center, Japan",2019,1575000.0
542,2019-12-18 08:54:00+00:00,Success,Soyuz ST-A/Fregat-M,Arianespace,"ELS, Guiana Space Centre, French Guiana, France",2019,863100.0
625,2019-02-22 01:45:00+00:00,Success,Falcon 9 Block 5,SpaceX,"SLC-40, Cape Canaveral SFS, Florida, USA",2019,1288350.0
661,2019-09-22 21:10:00+00:00,Success,Long March 3B/YZ-1,CASC,"LC-2, Xichang Satellite Launch Center, China",2019,1476000.0
662,2019-12-16 07:22:00+00:00,Success,Long March 3B/YZ-1,CASC,"LC-3, Xichang Satellite Launch Center, China",2019,1476000.0
666,2019-12-24 12:03:00+00:00,Success,Proton-M/DM-3,Roscosmos,"Site 81/24, Baikonur Cosmodrome, Kazakhstan",2019,2239200.0
704,2020-05-25 19:50:00+00:00,Failure,LauncherOne,Virgin Orbit,"Cosmic Girl, Mojave Air and Space Port, California, USA",2020,100800.0
750,2019-02-05 21:01:00+00:00,Success,Ariane 5 ECA,Arianespace,"ELA-3, Guiana Space Centre, French Guiana, France",2019,522000.0
779,2019-10-09 10:17:00+00:00,Success,Proton-M/Briz-M,International Launch Services,"Site 200/39, Baikonur Cosmodrome, Kazakhstan",2019,2239200.0
813,2019-04-01 03:57:00+00:00,Success,PSLV-QL,ISRO,"Second Launch Pad, Satish Dhawan Space Centre, India",2019,136800.0
814,2019-12-11 09:55:00+00:00,Success,PSLV-QL,ISRO,"First Launch Pad, Satish Dhawan Space Centre, India",2019,136800.0
815,2020-11-07 09:41:00+00:00,Success,PSLV-DL,ISRO,"First Launch Pad, Satish Dhawan Space Centre, India",2020,131100.0
816,2019-01-24 18:07:00+00:00,Success,PSLV-DL,ISRO,"First Launch Pad, Satish Dhawan Space Centre, India",2019,131100.0
818,2019-02-27 21:37:00+00:00,Success,Soyuz ST-B/Fregat-M,Arianespace,"ELS, Guiana Space Centre, French Guiana, France",2019,863100.0
817,2019-11-27 03:58:00+00:00,Success,PSLV-XL,ISRO,"Second Launch Pad, Satish Dhawan Space Centre, India",2019,142500.0
824,2019-11-03 03:22:00+00:00,Success,Long March 4B,CASC,"LC-9, Taiyuan Satellite Launch Center, China",2019,900000.0
825,2019-12-27 12:45:00+00:00,Success,Long March 5,CASC,"LC-101, Wenchang Satellite Launch Center, China",2019,2220750.0
903,2019-04-04 11:01:00+00:00,Success,Soyuz 2.1a,Roscosmos,"Site 31/6, Baikonur Cosmodrome, Kazakhstan",2019,863100.0
904,2019-07-31 12:10:00+00:00,Success,Soyuz 2.1a,Roscosmos,"Site 31/6, Baikonur Cosmodrome, Kazakhstan",2019,863100.0
905,2019-12-06 09:34:00+00:00,Success,Soyuz 2.1a,Roscosmos,"Site 31/6, Baikonur Cosmodrome, Kazakhstan",2019,863100.0
906,2020-04-25 01:51:00+00:00,Success,Soyuz 2.1a,Roscosmos,"Site 31/6, Baikonur Cosmodrome, Kazakhstan",2020,863100.0
911,2020-10-25 19:08:00+00:00,Success,Soyuz 2.1b/Fregat-M,VKS RF,"Site 43/4, Plesetsk Cosmodrome, Russia",2020,863100.0
912,2019-07-30 05:57:00+00:00,Success,Soyuz 2.1a/Fregat-M,VKS RF,"Site 43/4, Plesetsk Cosmodrome, Russia",2019,863100.0
914,2021-01-17 19:38:00+00:00,Success,LauncherOne,Virgin Orbit,"Cosmic Girl, Mojave Air and Space Port, California, USA",2021,100800.0
919,2020-12-29 16:42:00+00:00,Success,Soyuz ST-A/Fregat-M,Arianespace,"ELS, Guiana Space Centre, French Guiana, France",2020,863100.0
930,2020-02-06 21:42:00+00:00,Success,Soyuz 2.1b/Fregat,Starsem,"Site 31/6, Baikonur Cosmodrome, Kazakhstan",2020,863100.0
939,2019-03-14 19:14:00+00:00,Success,Soyuz FG,Roscosmos,"Site 1/5, Baikonur Cosmodrome, Kazakhstan",2019,863100.0
940,2019-07-20 16:28:00+00:00,Success,Soyuz FG,Roscosmos,"Site 1/5, Baikonur Cosmodrome, Kazakhstan",2019,863100.0
942,2019-08-22 03:38:00+00:00,Success,Soyuz 2.1a,Roscosmos,"Site 31/6, Baikonur Cosmodrome, Kazakhstan",2019,863100.0
943,2019-09-25 13:57:00+00:00,Success,Soyuz FG,Roscosmos,"Site 1/5, Baikonur Cosmodrome, Kazakhstan",2019,863100.0
944,2020-04-09 08:05:00+00:00,Success,Soyuz 2.1a,Roscosmos,"Site 31/6, Baikonur Cosmodrome, Kazakhstan",2020,863100.0
946,2019-11-04 17:43:00+00:00,Success,Long March 3B/E,CASC,"LC-2, Xichang Satellite Launch Center, China",2019,1476000.0
947,2019-07-13 12:30:00+00:00,Success,Proton-M/DM-3,Roscosmos,"Site 81/24, Baikonur Cosmodrome, Kazakhstan",2019,2239200.0
948,2021-06-30 14:47:00+00:00,Success,LauncherOne,Virgin Orbit,"Cosmic Girl, Mojave Air and Space Port, California, USA",2021,100800.0
951,2019-04-20 14:41:00+00:00,Success,Long March 3B/E,CASC,"LC-3, Xichang Satellite Launch Center, China",2019,1476000.0
949,2021-08-12 00:13:00+00:00,Failure,GSLV Mk II,ISRO,"Second Launch Pad, Satish Dhawan Space Centre, India",2021,1497600.0
952,2020-05-05 10:00:00+00:00,Success,Long March 5B,CASC,"LC-101, Wenchang Satellite Launch Center, China",2020,2205000.0
956,2020-11-23 20:30:00+00:00,Success,Long March 5,CASC,"LC-101, Wenchang Satellite Launch Center, China",2020,2220750.0
958,2019-12-20 03:22:00+00:00,Success,Long March 4B,CASC,"LC-9, Taiyuan Satellite Launch Center, China",2019,900000.0
959,2021-11-24 13:06:00+00:00,Success,Soyuz 2.1b,Roscosmos,"Site 31/6, Baikonur Cosmodrome, Kazakhstan",2021,863100.0
963,2019-09-12 03:26:00+00:00,Success,Long March 4B,CASC,"LC-9, Taiyuan Satellite Launch Center, China",2019,900000.0
972,2021-08-17 01:47:00+00:00,Success,Vega,Arianespace,"ELV-1, Guiana Space Centre, French Guiana, France",2021,376750.0
977,2019-05-30 17:42:00+00:00,Success,Proton-M/Briz-M,Roscosmos,"Site 200/39, Baikonur Cosmodrome, Kazakhstan",2019,2239200.0
985,2020-05-29 20:13:00+00:00,Success,Long March 11,CASC,"Xichang Satellite Launch Center, China",2020,142500.0
1002,2020-11-16 00:27:00+00:00,Success,Falcon 9 Block 5,SpaceX,"LC-39A, Kennedy Space Center, Florida, USA",2020,1288350.0
1012,2021-07-21 14:58:00+00:00,Success,Proton-M,Roscosmos,"Site 200/39, Baikonur Cosmodrome, Kazakhstan",2021,2239200.0
1016,2021-03-25 02:47:00+00:00,Success,Soyuz 2.1b/Fregat,Starsem,"Site 1S, Vostochny Cosmodrome, Russia",2021,863100.0
1017,2019-05-27 06:23:00+00:00,Success,Soyuz 2.1b/Fregat-M,Roscosmos,"Site 43/4, Plesetsk Cosmodrome, Russia",2019,863100.0
1018,2019-08-05 21:56:00+00:00,Success,Proton-M/Briz-M,Roscosmos,"Site 81/24, Baikonur Cosmodrome, Kazakhstan",2019,2239200.0
1019,2019-08-30 14:00:00+00:00,Success,Rokot/Briz KM,VKS RF,"Site 133/3, Plesetsk Cosmodrome, Russia",2019,385200.0
1020,2020-09-28 11:20:00+00:00,Success,Soyuz 2.1b/Fregat,VKS RF,"Site 43/4, Plesetsk Cosmodrome, Russia",2020,863100.0
1022,2020-07-30 21:25:00+00:00,Success,Proton-M/Briz-M,Roscosmos,"Site 200/39, Baikonur Cosmodrome, Kazakhstan",2020,2239200.0
1025,2020-12-14 05:50:00+00:00,Success,Angara A5/Briz-M,VKS RF,"Site 35/1, Plesetsk Cosmodrome, Russia",2020,2088450.0
1026,2019-04-04 17:04:00+00:00,Success,Soyuz ST-B/Fregat-MT,Arianespace,"ELS, Guiana Space Centre, French Guiana, France",2019,863100.0
1027,2020-02-09 01:34:00+00:00,Success,H-IIA 202,MHI,"LA-Y1, Tanegashima Space Center, Japan",2020,945000.0
1057,2019-01-21 05:42:00+00:00,Success,Long March 11,CASC,"Site 95, Jiuquan Satellite Launch Center, China",2019,142500.0
1060,2019-01-10 17:11:00+00:00,Success,Long March 3B/E,CASC,"LC-2, Xichang Satellite Launch Center, China",2019,1476000.0
1070,2019-01-15 00:30:00+00:00,Failure,Simorgh,Iranian Space Agency,"Imam Khomeini Spaceport, Semnan Space Center, Iran",2019,313200.0
1071,2019-03-28 23:27:00+00:00,Success,Electron/Curie,Rocket Lab,"Rocket Lab LC-1A, Māhia Peninsula, New Zealand",2019,40950.0
1072,2019-02-05 21:01:00+00:00,Failure,Safir-1B+,Iranian Space Agency,"Imam Khomeini Spaceport, Semnan Space Center, Iran",2019,93600.0
1074,2019-03-09 16:28:00+00:00,Success,Long March 3B/E,CASC,"LC-3, Xichang Satellite Launch Center, China",2019,1476000.0
1075,2019-09-19 06:42:00+00:00,Success,Long March 11,CASC,"Site 95, Jiuquan Satellite Launch Center, China",2019,142500.0
1076,2021-10-16 09:34:00+00:00,Success,Atlas V 401,ULA,"SLC-41, Cape Canaveral SFS, Florida, USA",2021,696150.0
1127,2021-09-03 01:59:00+00:00,Failure,Firefly Alpha,Firefly,"SLC-2W, Vandenberg SFB, California, USA",2021,141750.0
1128,2019-03-31 15:51:00+00:00,Success,Long March 3B/E,CASC,"LC-2, Xichang Satellite Launch Center, China",2019,1476000.0
1147,2021-05-18 17:37:00+00:00,Success,Atlas V 421,ULA,"SLC-41, Cape Canaveral SFS, Florida, USA",2021,897750.0
1164,2019-03-27 09:39:00+00:00,Failure,OS-M1,OneSpace,"Site 95, Jiuquan Satellite Launch Center, China",2019,96900.0
1169,2019-05-24 02:30:00+00:00,Success,Falcon 9 Block 5,SpaceX,"SLC-40, Cape Canaveral SFS, Florida, USA",2019,1288350.0
1260,2020-07-15 13:46:00+00:00,Success,Minotaur IV,Northrop,"LP-0B, Wallops Flight Facility, Virginia, USA",2020,245100.0
1265,2019-12-06 08:18:00+00:00,Success,Electron/Curie,Rocket Lab,"Rocket Lab LC-1A, Māhia Peninsula, New Zealand",2019,40950.0
1325,2019-05-05 06:00:00+00:00,Success,Electron/Curie,Rocket Lab,"Rocket Lab LC-1A, Māhia Peninsula, New Zealand",2019,40950.0
1326,2021-08-05 16:30:00+00:00,Success,Long March 3B/E,CASC,"LC-2, Xichang Satellite Launch Center, China",2021,1476000.0
1361,2021-04-25 22:14:00+00:00,Success,Soyuz 2.1b/Fregat,Starsem,"Site 1S, Vostochny Cosmodrome, Russia",2021,863100.0
1373,2021-11-24 06:21:00+00:00,Success,Falcon 9 Block 5,SpaceX,"SLC-4E, Vandenberg SFB, California, USA",2021,1288350.0
1494,2019-06-05 04:06:00+00:00,Success,Long March 11H,CASC,"Tai Rui Barge, Yellow Sea",2019,142500.0
1510,2019-05-22 00:00:00+00:00,Success,PSLV-CA,ISRO,"First Launch Pad, Satish Dhawan Space Centre, India",2019,125400.0
1511,2019-05-22 22:49:00+00:00,Failure,Long March 4C,CASC,"LC-9, Taiyuan Satellite Launch Center, China",2019,900000.0
1513,2019-04-29 22:52:00+00:00,Success,Long March 4B,CASC,"Taiyuan Satellite Launch Center, China",2019,900000.0
1519,2019-07-25 05:00:00+00:00,Success,Hyperbola-1,i-Space,"Site 95, Jiuquan Satellite Launch Center, China",2019,91200.0
1521,2019-06-29 04:30:00+00:00,Success,Electron/Curie,Rocket Lab,"Rocket Lab LC-1A, Māhia Peninsula, New Zealand",2019,40950.0
1548,2019-05-17 15:48:00+00:00,Success,Long March 3C/E,CASC,"LC-2, Xichang Satellite Launch Center, China",2019,1404000.0
1549,2019-08-17 04:11:00+00:00,Success,Jielong-1,CASC,"Site 95, Jiuquan Satellite Launch Center, China",2019,65550.0
1693,2020-07-20 21:30:00+00:00,Success,Falcon 9 Block 5,SpaceX,"SLC-40, Cape Canaveral SFS, Florida, USA",2020,1288350.0
1694,2019-11-11 14:56:00+00:00,Success,Falcon 9 Block 5,SpaceX,"SLC-40, Cape Canaveral SFS, Florida, USA",2019,1288350.0
1695,2020-01-07 02:19:00+00:00,Success,Falcon 9 Block 5,SpaceX,"SLC-40, Cape Canaveral SFS, Florida, USA",2020,1288350.0
1912,2020-04-09 11:46:00+00:00,Failure,Long March 3B/E,CASC,"LC-2, Xichang Satellite Launch Center, China",2020,1476000.0
1913,2020-07-23 04:41:00+00:00,Success,Long March 5,CASC,"LC-101, Wenchang Satellite Launch Center, China",2020,2220750.0
1923,2020-12-18 12:26:00+00:00,Success,Soyuz 2.1b/Fregat,Starsem,"Site 1S, Vostochny Cosmodrome, Russia",2020,863100.0
1983,2019-06-24 18:09:00+00:00,Success,Long March 3B/E,CASC,"LC-3, Xichang Satellite Launch Center, China",2019,1476000.0
2021,2019-07-26 03:57:00+00:00,Success,Long March 2C,CASC,"LC-3, Xichang Satellite Launch Center, China",2019,684000.0
2173,2021-12-09 06:00:00+00:00,Success,Falcon 9 Block 5,SpaceX,"LC-39A, Kennedy Space Center, Florida, USA",2021,1288350.0
2202,2019-07-10 17:14:00+00:00,Success,Soyuz 2.1v/Volga,VKS RF,"Site 43/4, Plesetsk Cosmodrome, Russia",2019,393750.0
2284,2020-07-09 12:11:00+00:00,Success,Long March 3B/E,CASC,"LC-3, Xichang Satellite Launch Center, China",2020,1476000.0
2285,2020-11-06 03:19:00+00:00,Success,Long March 6,CASC,"LC-16, Taiyuan Satellite Launch Center, China",2020,324450.0
2286,2019-08-19 12:03:00+00:00,Success,Long March 3B/E,CASC,"LC-2, Xichang Satellite Launch Center, China",2019,1476000.0
2287,2019-12-07 02:55:00+00:00,Success,Kuaizhou 1A,ExPace,"Taiyuan Satellite Launch Center, China",2019,142500.0
2288,2019-08-29 00:00:00+00:00,Prelaunch Failure,Safir-1B+,Iranian Space Agency,"Imam Khomeini Spaceport, Semnan Space Center, Iran",2019,93600.0
2403,2021-01-24 15:00:00+00:00,Success,Falcon 9 Block 5,SpaceX,"SLC-40, Cape Canaveral SFS, Florida, USA",2021,1288350.0
2404,2021-06-30 19:31:00+00:00,Success,Falcon 9 Block 5,SpaceX,"SLC-40, Cape Canaveral SFS, Florida, USA",2021,1288350.0
2407,2019-08-30 23:41:00+00:00,Success,Kuaizhou 1A,ExPace,"Site 95, Jiuquan Satellite Launch Center, China",2019,142500.0
2408,2020-10-14 05:45:00+00:00,Success,Soyuz 2.1a,Roscosmos,"Site 31/6, Baikonur Cosmodrome, Kazakhstan",2020,863100.0
2410,2020-02-15 20:21:00+00:00,Success,Antares 230+,Northrop,"LP-0A, Wallops Flight Facility, Virginia, USA",2020,787500.0
2411,2020-05-20 17:31:00+00:00,Success,H-IIB,MHI,"LA-Y2, Tanegashima Space Center, Japan",2020,1575000.0
2550,2021-06-17 01:22:00+00:00,Success,Long March 2F/G,CASC,"Site 901 (SLS-1), Jiuquan Satellite Launch Center, China",2021,1479600.0
2551,2020-07-23 14:26:00+00:00,Success,Soyuz 2.1a,Roscosmos,"Site 31/6, Baikonur Cosmodrome, Kazakhstan",2020,863100.0
2556,2021-09-20 07:10:00+00:00,Success,Long March 7,CASC,"LC-201, Wenchang Satellite Launch Center, China",2021,1575000.0
2557,2021-05-29 12:55:00+00:00,Success,Long March 7,CASC,"LC-201, Wenchang Satellite Launch Center, China",2021,1575000.0
2558,2021-10-15 16:23:00+00:00,Success,Long March 2F/G,CASC,"Site 901 (SLS-1), Jiuquan Satellite Launch Center, China",2021,1479600.0
2561,2021-03-22 06:07:00+00:00,Success,Soyuz 2.1a/Fregat-M,GK LS,"Site 31/6, Baikonur Cosmodrome, Kazakhstan",2021,863100.0
2568,2020-01-29 14:06:00+00:00,Success,Falcon 9 Block 5,SpaceX,"SLC-40, Cape Canaveral SFS, Florida, USA",2020,1288350.0
2569,2020-02-17 15:05:00+00:00,Success,Falcon 9 Block 5,SpaceX,"SLC-40, Cape Canaveral SFS, Florida, USA",2020,1288350.0
2570,2020-03-18 12:16:00+00:00,Success,Falcon 9 Block 5,SpaceX,"LC-39A, Kennedy Space Center, Florida, USA",2020,1288350.0
2571,2020-04-22 19:30:00+00:00,Success,Falcon 9 Block 5,SpaceX,"LC-39A, Kennedy Space Center, Florida, USA",2020,1288350.0
2572,2020-06-04 01:25:00+00:00,Success,Falcon 9 Block 5,SpaceX,"SLC-40, Cape Canaveral SFS, Florida, USA",2020,1288350.0
2574,2020-08-07 05:12:00+00:00,Success,Falcon 9 Block 5,SpaceX,"LC-39A, Kennedy Space Center, Florida, USA",2020,1288350.0
2573,2020-06-13 09:21:00+00:00,Success,Falcon 9 Block 5,SpaceX,"SLC-40, Cape Canaveral SFS, Florida, USA",2020,1288350.0
2575,2020-08-18 14:31:00+00:00,Success,Falcon 9 Block 5,SpaceX,"SLC-40, Cape Canaveral SFS, Florida, USA",2020,1288350.0
2577,2020-10-06 11:29:00+00:00,Success,Falcon 9 Block 5,SpaceX,"LC-39A, Kennedy Space Center, Florida, USA",2020,1288350.0
2576,2020-09-03 12:46:00+00:00,Success,Falcon 9 Block 5,SpaceX,"LC-39A, Kennedy Space Center, Florida, USA",2020,1288350.0
2578,2020-10-18 12:25:00+00:00,Success,Falcon 9 Block 5,SpaceX,"LC-39A, Kennedy Space Center, Florida, USA",2020,1288350.0
2579,2020-10-24 15:31:00+00:00,Success,Falcon 9 Block 5,SpaceX,"SLC-40, Cape Canaveral SFS, Florida, USA",2020,1288350.0
2603,2019-12-07 08:52:00+00:00,Success,Kuaizhou 1A,ExPace,"Site 9401 (SLS-2), Jiuquan Satellite Launch Center, China",2019,142500.0
2605,2020-06-13 05:12:00+00:00,Success,Electron/Curie,Rocket Lab,"Rocket Lab LC-1A, Māhia Peninsula, New Zealand",2020,40950.0
2606,2019-09-26 07:46:00+00:00,Success,Soyuz 2.1b/Fregat,VKS RF,"Site 43/4, Plesetsk Cosmodrome, Russia",2019,863100.0
2607,2021-07-29 06:00:00+00:00,Success,Electron/Curie,Rocket Lab,"Rocket Lab LC-1A, Māhia Peninsula, New Zealand",2021,40950.0
2608,2019-09-25 00:54:00+00:00,Success,Long March 2D,CASC,"Site 9401 (SLS-2), Jiuquan Satellite Launch Center, China",2019,828000.0
2609,2019-10-04 18:51:00+00:00,Success,Long March 4C,CASC,"LC-9, Taiyuan Satellite Launch Center, China",2019,900000.0
2610,2019-10-17 01:22:00+00:00,Success,Electron/Curie,Rocket Lab,"Rocket Lab LC-1A, Māhia Peninsula, New Zealand",2019,40950.0
2611,2019-10-17 15:21:00+00:00,Success,Long March 3B/E,CASC,"LC-3, Xichang Satellite Launch Center, China",2019,1476000.0
2612,2019-12-11 08:54:00+00:00,Success,Soyuz 2.1b/Fregat,VKS RF,"Site 43/3, Plesetsk Cosmodrome, Russia",2019,863100.0
2614,2020-10-03 01:16:00+00:00,Success,Antares 230+,Northrop,"LP-0A, Wallops Flight Facility, Virginia, USA",2020,787500.0
2620,2019-11-17 10:00:00+00:00,Success,Kuaizhou 1A,ExPace,"Site 95, Jiuquan Satellite Launch Center, China",2019,142500.0
2621,2019-11-23 00:55:00+00:00,Success,Long March 3B/YZ-1,CASC,"LC-3, Xichang Satellite Launch Center, China",2019,1476000.0
2622,2019-11-13 06:35:00+00:00,Success,Long March 6,CASC,"LC-16, Taiyuan Satellite Launch Center, China",2019,324450.0
2623,2019-11-25 17:52:00+00:00,Success,Soyuz 2.1v/Volga,VKS RF,"Site 43/4, Plesetsk Cosmodrome, Russia",2019,393750.0
2624,2019-11-27 23:52:00+00:00,Success,Long March 4C,CASC,"LC-9, Taiyuan Satellite Launch Center, China",2019,900000.0
2663,2021-02-20 17:36:00+00:00,Success,Antares 230+,Northrop,"LP-0A, Wallops Flight Facility, Virginia, USA",2021,787500.0
2664,2020-01-16 03:02:00+00:00,Success,Kuaizhou 1A,ExPace,"Site 95, Jiuquan Satellite Launch Center, China",2020,142500.0
2665,2020-05-12 01:16:00+00:00,Success,Kuaizhou 1A,ExPace,"Site 95, Jiuquan Satellite Launch Center, China",2020,142500.0
2666,2020-01-15 02:53:00+00:00,Success,Long March 2D,CASC,"LC-9, Taiyuan Satellite Launch Center, China",2020,828000.0
2667,2020-12-22 04:37:00+00:00,Success,Long March 8,CASC,"LC-201, Wenchang Satellite Launch Center, China",2020,1575000.0
2670,2020-11-25 02:13:00+00:00,Success,Falcon 9 Block 5,SpaceX,"SLC-40, Cape Canaveral SFS, Florida, USA",2020,1288350.0
2671,2021-01-20 13:02:00+00:00,Success,Falcon 9 Block 5,SpaceX,"LC-39A, Kennedy Space Center, Florida, USA",2021,1288350.0
2672,2021-03-04 08:24:00+00:00,Success,Falcon 9 Block 5,SpaceX,"LC-39A, Kennedy Space Center, Florida, USA",2021,1288350.0
2674,2021-02-16 03:59:00+00:00,Success,Falcon 9 Block 5,SpaceX,"SLC-40, Cape Canaveral SFS, Florida, USA",2021,1288350.0
2673,2021-02-04 06:19:00+00:00,Success,Falcon 9 Block 5,SpaceX,"SLC-40, Cape Canaveral SFS, Florida, USA",2021,1288350.0
2675,2021-03-11 08:13:00+00:00,Success,Falcon 9 Block 5,SpaceX,"SLC-40, Cape Canaveral SFS, Florida, USA",2021,1288350.0
2676,2021-03-14 10:01:00+00:00,Success,Falcon 9 Block 5,SpaceX,"LC-39A, Kennedy Space Center, Florida, USA",2021,1288350.0
2677,2021-03-24 08:28:00+00:00,Success,Falcon 9 Block 5,SpaceX,"SLC-40, Cape Canaveral SFS, Florida, USA",2021,1288350.0
2678,2021-04-07 16:34:00+00:00,Success,Falcon 9 Block 5,SpaceX,"SLC-40, Cape Canaveral SFS, Florida, USA",2021,1288350.0
2679,2021-04-29 03:44:00+00:00,Success,Falcon 9 Block 5,SpaceX,"SLC-40, Cape Canaveral SFS, Florida, USA",2021,1288350.0
2680,2021-05-04 19:01:00+00:00,Success,Falcon 9 Block 5,SpaceX,"LC-39A, Kennedy Space Center, Florida, USA",2021,1288350.0
2681,2021-05-15 22:56:00+00:00,Success,Falcon 9 Block 5,SpaceX,"LC-39A, Kennedy Space Center, Florida, USA",2021,1288350.0
2723,2020-07-19 21:58:00+00:00,Success,H-IIA 202,JAXA,"LA-Y1, Tanegashima Space Center, Japan",2020,945000.0
2728,2020-03-16 18:28:00+00:00,Success,Soyuz 2.1b/Fregat-M,VKS RF,"Site 43/4, Plesetsk Cosmodrome, Russia",2020,863100.0
2803,2021-04-29 03:23:00+00:00,Success,Long March 5B,CASC,"LC-101, Wenchang Satellite Launch Center, China",2021,2205000.0
2895,2020-03-16 13:34:00+00:00,Failure,Long March 7A,CASC,"LC-201, Wenchang Satellite Launch Center, China",2020,1575000.0
2910,2020-02-09 15:48:00+00:00,Failure,Simorgh,Iranian Space Agency,"Imam Khomeini Spaceport, Semnan Space Center, Iran",2020,313200.0
2911,2020-01-07 15:20:00+00:00,Success,Long March 3B/E,CASC,"LC-2, Xichang Satellite Launch Center, China",2020,1476000.0
2922,2021-02-15 04:45:00+00:00,Success,Soyuz 2.1a,Roscosmos,"Site 31/6, Baikonur Cosmodrome, Kazakhstan",2021,863100.0
2930,2020-02-20 08:24:00+00:00,Success,Soyuz 2.1a/Fregat-M,VKS RF,"Site 43/3, Plesetsk Cosmodrome, Russia",2020,863100.0
2950,2020-03-21 17:06:00+00:00,Success,Soyuz 2.1b/Fregat,Starsem,"Site 31/6, Baikonur Cosmodrome, Kazakhstan",2020,863100.0
2951,2021-08-21 22:13:00+00:00,Success,Soyuz 2.1b/Fregat,Starsem,"Site 31/6, Baikonur Cosmodrome, Kazakhstan",2021,863100.0
2952,2021-05-28 17:38:00+00:00,Success,Soyuz 2.1b/Fregat,Starsem,"Site 1S, Vostochny Cosmodrome, Russia",2021,863100.0
2953,2021-07-01 12:48:00+00:00,Success,Soyuz 2.1b/Fregat,Starsem,"Site 1S, Vostochny Cosmodrome, Russia",2021,863100.0
2955,2021-12-27 13:10:00+00:00,Success,Soyuz 2.1b/Fregat,Starsem,"Site 31/6, Baikonur Cosmodrome, Kazakhstan",2021,863100.0
2954,2021-09-14 18:07:00+00:00,Success,Soyuz 2.1b/Fregat,Starsem,"Site 31/6, Baikonur Cosmodrome, Kazakhstan",2021,863100.0
2956,2021-10-14 09:40:00+00:00,Success,Soyuz 2.1b/Fregat,Starsem,"Site 1S, Vostochny Cosmodrome, Russia",2021,863100.0
2967,2020-02-19 21:07:00+00:00,Success,Long March 2D,CASC,"LC-3, Xichang Satellite Launch Center, China",2020,828000.0
2969,2021-04-09 07:42:00+00:00,Success,Soyuz 2.1a,Roscosmos,"Site 31/6, Baikonur Cosmodrome, Kazakhstan",2021,863100.0
2970,2021-10-05 08:55:00+00:00,Success,Soyuz 2.1a,Roscosmos,"Site 31/6, Baikonur Cosmodrome, Kazakhstan",2021,863100.0
2971,2021-12-08 07:38:00+00:00,Success,Soyuz 2.1a,Roscosmos,"Site 31/6, Baikonur Cosmodrome, Kazakhstan",2021,863100.0
2976,2021-06-29 23:27:00+00:00,Success,Soyuz 2.1a,Roscosmos,"Site 31/6, Baikonur Cosmodrome, Kazakhstan",2021,863100.0
3078,2020-07-10 04:17:00+00:00,Failure,Kuaizhou 11,ExPace,"Site 95, Jiuquan Satellite Launch Center, China",2020,228000.0
3081,2020-01-31 02:56:00+00:00,Success,Electron/Curie,Rocket Lab,"Rocket Lab LC-1A, Māhia Peninsula, New Zealand",2020,40950.0
3438,2020-09-12 03:19:00+00:00,Failure,Rocket 3,Astra,"LP-3B, Pacific Spaceport Complex, Kodiak, Alaska, USA",2020,28980.0
3506,2020-11-07 07:12:00+00:00,Success,Ceres-1,Galactic Energy,"Site 95, Jiuquan Satellite Launch Center, China",2020,94050.0
3947,2020-03-09 11:55:00+00:00,Success,Long March 3B/E,CASC,"LC-2, Xichang Satellite Launch Center, China",2020,1476000.0
3948,2020-06-23 01:43:00+00:00,Success,Long March 3B/E,CASC,"LC-2, Xichang Satellite Launch Center, China",2020,1476000.0
3952,2020-09-04 07:30:00+00:00,Success,Long March 2F/T,CASC,"Site 901 (SLS-1), Jiuquan Satellite Launch Center, China",2020,1479600.0
3985,2020-03-24 03:43:00+00:00,Success,Long March 2C,CASC,"LC-3, Xichang Satellite Launch Center, China",2020,684000.0
4086,2021-12-22 15:32:00+00:00,Success,H-IIA 204,MHI,"LA-Y1, Tanegashima Space Center, Japan",2021,1008000.0
4091,2020-12-03 01:14:00+00:00,Success,Soyuz 2.1b/Fregat-M,VKS RF,"Site 43/3, Plesetsk Cosmodrome, Russia",2020,863100.0
4090,2021-12-05 00:19:00+00:00,Success,Soyuz ST-B/Fregat-MT,Arianespace,"ELS, Guiana Space Centre, French Guiana, France",2021,863100.0
4093,2020-05-22 07:31:00+00:00,Success,Soyuz 2.1b/Fregat-M,VKS RF,"Site 43/4, Plesetsk Cosmodrome, Russia",2020,863100.0
4094,2021-06-25 19:50:00+00:00,Success,Soyuz 2.1b,VKS RF,"Site 43/4, Plesetsk Cosmodrome, Russia",2021,863100.0
4096,2021-10-28 00:00:00+00:00,Success,Soyuz 2.1a,Roscosmos,"Site 31/6, Baikonur Cosmodrome, Kazakhstan",2021,863100.0
4104,2021-12-13 12:07:00+00:00,Partial Failure,Proton-M/Briz-M,Roscosmos,"Site 200/39, Baikonur Cosmodrome, Kazakhstan",2021,2239200.0
4327,2020-12-15 10:09:00+00:00,Success,Electron/Curie,Rocket Lab,"Rocket Lab LC-1A, Māhia Peninsula, New Zealand",2020,40950.0
4347,2020-04-22 03:58:00+00:00,Success,Qased,IRGC,"Launch Platform, Shahrud Missile Test Site, Iran",2020,42750.0
4357,2021-06-02 16:17:00+00:00,Success,Long March 3B/E,CASC,"LC-2, Xichang Satellite Launch Center, China",2021,1476000.0
4359,2020-06-17 07:19:00+00:00,Success,Long March 2D,CASC,"Site 9401 (SLS-2), Jiuquan Satellite Launch Center, China",2020,828000.0
4358,2020-05-31 08:53:00+00:00,Success,Long March 2D,CASC,"Site 9401 (SLS-2), Jiuquan Satellite Launch Center, China",2020,828000.0
4363,2020-06-10 18:31:00+00:00,Success,Long March 2C,CASC,"LC-9, Taiyuan Satellite Launch Center, China",2020,684000.0
4569,2020-07-04 21:19:00+00:00,Failure,Electron/Curie,Rocket Lab,"Rocket Lab LC-1A, Māhia Peninsula, New Zealand",2020,40950.0
4715,2020-09-21 05:40:00+00:00,Success,Long March 4B,CASC,"Site 9401 (SLS-2), Jiuquan Satellite Launch Center, China",2020,900000.0
4719,2020-07-04 23:44:00+00:00,Success,Long March 2D,CASC,"Site 9401 (SLS-2), Jiuquan Satellite Launch Center, China",2020,828000.0
4720,2020-07-03 03:10:00+00:00,Success,Long March 4B,CASC,"LC-9, Taiyuan Satellite Launch Center, China",2020,900000.0
4722,2020-07-25 03:13:00+00:00,Success,Long March 4B,CASC,"LC-9, Taiyuan Satellite Launch Center, China",2020,900000.0
4724,2021-07-29 04:01:00+00:00,Success,Long March 2D,CASC,"Site 9401 (SLS-2), Jiuquan Satellite Launch Center, China",2021,828000.0
4725,2021-03-30 22:45:00+00:00,Success,Long March 4C,CASC,"Site 9401 (SLS-2), Jiuquan Satellite Launch Center, China",2021,900000.0
4727,2020-11-12 15:59:00+00:00,Success,Long March 3B/E,CASC,"LC-2, Xichang Satellite Launch Center, China",2020,1476000.0
4728,2021-01-19 16:25:00+00:00,Success,Long March 3B/E,CASC,"LC-2, Xichang Satellite Launch Center, China",2021,1476000.0
4731,2020-07-06 01:00:00+00:00,Success,Shavit-2,Israel Aerospace Industries,"Pad 1, Palmachim Airbase, Israel",2020,57000.0
4733,2020-09-15 01:23:00+00:00,Success,Long March 11H,CASC,"DeBo 3 Barge, Yellow Sea",2020,142500.0
4735,2020-09-12 05:02:00+00:00,Failure,Kuaizhou 1A,ExPace,"Site 95, Jiuquan Satellite Launch Center, China",2020,142500.0
4737,2021-04-23 09:49:00+00:00,Success,Falcon 9 Block 5,SpaceX,"LC-39A, Kennedy Space Center, Florida, USA",2021,1288350.0
4738,2021-11-11 02:03:00+00:00,Success,Falcon 9 Block 5,SpaceX,"LC-39A, Kennedy Space Center, Florida, USA",2021,1288350.0
4740,2021-02-01 08:15:00+00:00,Failure,Hyperbola-1,i-Space,"Site 95, Jiuquan Satellite Launch Center, China",2021,91200.0
4741,2020-08-06 04:01:00+00:00,Success,Long March 2D,CASC,"Site 9401 (SLS-2), Jiuquan Satellite Launch Center, China",2020,828000.0
4744,2020-09-07 05:57:00+00:00,Success,Long March 4B,CASC,"LC-9, Taiyuan Satellite Launch Center, China",2020,900000.0
4747,2021-08-29 07:14:00+00:00,Success,Falcon 9 Block 5,SpaceX,"LC-39A, Kennedy Space Center, Florida, USA",2021,1288350.0
4748,2021-12-21 10:07:00+00:00,Success,Falcon 9 Block 5,SpaceX,"LC-39A, Kennedy Space Center, Florida, USA",2021,1288350.0
4755,2020-08-23 02:27:00+00:00,Success,Long March 2D,CASC,"Site 9401 (SLS-2), Jiuquan Satellite Launch Center, China",2020,828000.0
4760,2020-08-31 03:05:00+00:00,Success,Electron/Photon,Rocket Lab,"Rocket Lab LC-1A, Māhia Peninsula, New Zealand",2020,40950.0
4878,2020-12-17 10:09:00+00:00,Success,PSLV-XL,ISRO,"Second Launch Pad, Satish Dhawan Space Centre, India",2020,142500.0
4922,2021-09-27 06:19:00+00:00,Success,Kuaizhou 1A,ExPace,"Site 95, Jiuquan Satellite Launch Center, China",2021,142500.0
4923,2021-10-27 06:19:00+00:00,Success,Kuaizhou 1A,ExPace,"Site 95, Jiuquan Satellite Launch Center, China",2021,142500.0
4924,2021-12-27 19:00:00+00:00,Failure,Angara A5/Persey,VKS RF,"Site 35/1, Plesetsk Cosmodrome, Russia",2021,2088450.0
4953,2021-04-27 03:20:00+00:00,Success,Long March 6,CASC,"LC-16, Taiyuan Satellite Launch Center, China",2021,324450.0
4988,2020-12-09 20:14:00+00:00,Success,Long March 11,CASC,"Xichang Satellite Launch Center, China",2020,142500.0
5060,2020-10-28 21:21:00+00:00,Success,Electron/Curie,Rocket Lab,"Rocket Lab LC-1A, Māhia Peninsula, New Zealand",2020,40950.0
5064,2020-10-26 15:19:00+00:00,Success,Long March 2C,CASC,"LC-3, Xichang Satellite Launch Center, China",2020,684000.0
5065,2020-09-27 03:23:00+00:00,Success,Long March 4B,CASC,"LC-9, Taiyuan Satellite Launch Center, China",2020,900000.0
5111,2020-10-11 16:57:00+00:00,Success,Long March 3B/E,CASC,"LC-2, Xichang Satellite Launch Center, China",2020,1476000.0
5112,2020-12-19 14:00:00+00:00,Success,Falcon 9 Block 5,SpaceX,"LC-39A, Kennedy Space Center, Florida, USA",2020,1288350.0
5114,2020-11-29 07:25:00+00:00,Success,H-IIA 202,MHI,"LA-Y1, Tanegashima Space Center, Japan",2020,945000.0
5129,2021-01-29 04:47:00+00:00,Success,Long March 4C,CASC,"Site 9401 (SLS-2), Jiuquan Satellite Launch Center, China",2021,900000.0
5131,2021-03-11 17:51:00+00:00,Success,Long March 7A,CASC,"LC-201, Wenchang Satellite Launch Center, China",2021,1575000.0
5237,2020-11-20 02:20:00+00:00,Success,Electron/Curie,Rocket Lab,"Rocket Lab LC-1A, Māhia Peninsula, New Zealand",2020,40950.0
5283,2020-12-15 20:55:00+00:00,Failure,Rocket 3,Astra,"LP-3B, Pacific Spaceport Complex, Kodiak, Alaska, USA",2020,28980.0
5285,2020-12-06 03:58:00+00:00,Success,Long March 3B/E,CASC,"LC-3, Xichang Satellite Launch Center, China",2020,1476000.0
5331,2021-05-09 06:42:00+00:00,Success,Falcon 9 Block 5,SpaceX,"SLC-40, Cape Canaveral SFS, Florida, USA",2021,1288350.0
5332,2021-05-26 18:59:00+00:00,Success,Falcon 9 Block 5,SpaceX,"SLC-40, Cape Canaveral SFS, Florida, USA",2021,1288350.0
5341,2021-11-13 12:19:00+00:00,Success,Falcon 9 Block 5,SpaceX,"SLC-40, Cape Canaveral SFS, Florida, USA",2021,1288350.0
5342,2021-12-02 23:12:00+00:00,Success,Falcon 9 Block 5,SpaceX,"SLC-40, Cape Canaveral SFS, Florida, USA",2021,1288350.0
5646,2020-12-27 15:44:00+00:00,Success,Long March 4C,CASC,"Site 9401 (SLS-2), Jiuquan Satellite Launch Center, China",2020,900000.0
5650,2021-10-21 08:00:00+00:00,Failure,KSLV-2,KARI,"LC-1, Naro Space Center, South Korea",2021,475650.0
5651,2021-02-28 04:54:00+00:00,Success,PSLV-DL,ISRO,"First Launch Pad, Satish Dhawan Space Centre, India",2021,131100.0
5659,2021-08-10 22:01:00+00:00,Success,Antares 230+,Northrop,"LP-0A, Wallops Flight Facility, Virginia, USA",2021,787500.0
5664,2021-01-20 07:26:00+00:00,Success,Electron/Curie,Rocket Lab,"Rocket Lab LC-1A, Māhia Peninsula, New Zealand",2021,40950.0
5663,2021-02-04 15:36:00+00:00,Success,Long March 3B/E,CASC,"LC-3, Xichang Satellite Launch Center, China",2021,1476000.0
5759,2021-02-02 20:45:00+00:00,Success,Soyuz 2.1b,VKS RF,"Site 43/4, Plesetsk Cosmodrome, Russia",2021,863100.0
5760,2021-11-24 23:41:00+00:00,Success,Kuaizhou 1A,ExPace,"Site 95, Jiuquan Satellite Launch Center, China",2021,142500.0
5761,2021-09-16 00:02:00+00:00,Success,Falcon 9 Block 5,SpaceX,"LC-39A, Kennedy Space Center, Florida, USA",2021,1288350.0
5767,2021-03-22 22:30:00+00:00,Success,Electron/Photon,Rocket Lab,"Rocket Lab LC-1A, Māhia Peninsula, New Zealand",2021,40950.0
6121,2021-02-24 02:22:00+00:00,Success,Long March 4C,CASC,"Site 9401 (SLS-2), Jiuquan Satellite Launch Center, China",2021,900000.0
6144,2021-06-13 08:11:00+00:00,Success,Pegasus XL,Northrop,"Stargazer, Vandenberg SFB, California, USA",2021,85500.0
6145,2021-11-25 01:09:00+00:00,Success,Soyuz 2.1b/Fregat,VKS RF,"Site 43/4, Plesetsk Cosmodrome, Russia",2021,863100.0
6148,2021-03-13 02:19:00+00:00,Success,Long March 4C,CASC,"Site 9401 (SLS-2), Jiuquan Satellite Launch Center, China",2021,900000.0
6755,2021-04-08 23:01:00+00:00,Success,Long March 4B,CASC,"LC-9, Taiyuan Satellite Launch Center, China",2021,900000.0
6756,2021-05-15 11:11:00+00:00,Failure,Electron/Curie,Rocket Lab,"Rocket Lab LC-1A, Māhia Peninsula, New Zealand",2021,40950.0
6774,2021-04-30 07:27:00+00:00,Success,Long March 4C,CASC,"Site 9401 (SLS-2), Jiuquan Satellite Launch Center, China",2021,900000.0
6776,2021-05-06 18:11:00+00:00,Success,Long March 2C/E,CASC,"LC-3, Xichang Satellite Launch Center, China",2021,900000.0
6777,2021-05-19 04:03:00+00:00,Success,Long March 4B,CASC,"Site 9401 (SLS-2), Jiuquan Satellite Launch Center, China",2021,900000.0
6787,2021-07-19 00:19:00+00:00,Success,Long March 2C/E,CASC,"LC-3, Xichang Satellite Launch Center, China",2021,900000.0
6788,2021-06-18 06:30:00+00:00,Success,Long March 2C/E,CASC,"LC-3, Xichang Satellite Launch Center, China",2021,900000.0
6793,2021-07-04 23:28:00+00:00,Success,Long March 4C,CASC,"Site 9401 (SLS-2), Jiuquan Satellite Launch Center, China",2021,900000.0
6796,2021-09-14 03:55:00+00:00,Success,Falcon 9 Block 5,SpaceX,"SLC-4E, Vandenberg SFB, California, USA",2021,1288350.0
6798,2021-12-18 12:41:00+00:00,Success,Falcon 9 Block 5,SpaceX,"SLC-4E, Vandenberg SFB, California, USA",2021,1288350.0
6801,2021-06-11 03:03:00+00:00,Success,Long March 2D,CASC,"LC-9, Taiyuan Satellite Launch Center, China",2021,828000.0
6813,2021-07-03 02:51:00+00:00,Success,Long March 2D,CASC,"LC-9, Taiyuan Satellite Launch Center, China",2021,828000.0
6814,2021-08-24 11:15:00+00:00,Success,Long March 2C/YZ-1S,CASC,"Site 9401 (SLS-2), Jiuquan Satellite Launch Center, China",2021,720000.0
6815,2021-07-06 15:53:00+00:00,Success,Long March 3C/E,CASC,"LC-2, Xichang Satellite Launch Center, China",2021,1404000.0
6817,2021-07-09 11:59:00+00:00,Success,Long March 6,CASC,"LC-16, Taiyuan Satellite Launch Center, China",2021,324450.0
6819,2021-09-09 19:59:00+00:00,Success,Soyuz 2.1v/Volga,VKS RF,"Site 43/4, Plesetsk Cosmodrome, Russia",2021,393750.0
6820,2021-10-26 02:19:00+00:00,Success,H-IIA 202,MHI,"LA-Y1, Tanegashima Space Center, Japan",2021,945000.0
6821,2021-08-28 22:35:00+00:00,Failure,Rocket 3,Astra,"LP-3B, Pacific Spaceport Complex, Kodiak, Alaska, USA",2021,28980.0
6822,2021-08-03 07:39:00+00:00,Failure,Hyperbola-1,i-Space,"Site 95, Jiuquan Satellite Launch Center, China",2021,91200.0
6825,2021-08-04 11:01:00+00:00,Success,Long March 6,CASC,"LC-16, Taiyuan Satellite Launch Center, China",2021,324450.0
6827,2021-11-18 01:38:00+00:00,Success,Electron/Curie,Rocket Lab,"Rocket Lab LC-1A, Māhia Peninsula, New Zealand",2021,40950.0
6829,2021-09-09 11:50:00+00:00,Success,Long March 3B/E,CASC,"LC-2, Xichang Satellite Launch Center, China",2021,1476000.0
6830,2021-08-24 15:41:00+00:00,Success,Long March 3B/E,CASC,"LC-3, Xichang Satellite Launch Center, China",2021,1476000.0
6832,2021-08-18 22:32:00+00:00,Success,Long March 4B,CASC,"LC-9, Taiyuan Satellite Launch Center, China",2021,900000.0
6833,2021-09-07 03:01:00+00:00,Success,Long March 4C,CASC,"LC-9, Taiyuan Satellite Launch Center, China",2021,900000.0
6834,2021-11-03 07:43:00+00:00,Success,Long March 2C/YZ-1S,CASC,"Site 9401 (SLS-2), Jiuquan Satellite Launch Center, China",2021,720000.0
6838,2021-10-14 10:51:00+00:00,Success,Long March 2D,CASC,"LC-9, Taiyuan Satellite Launch Center, China",2021,828000.0
6841,2021-09-27 08:20:00+00:00,Success,Long March 3B/E,CASC,"LC-3, Xichang Satellite Launch Center, China",2021,1476000.0
6848,2021-12-09 00:02:00+00:00,Success,Electron/Curie,Rocket Lab,"Māhia Peninsula, New Zealand",2021,40950.0
6849,2021-11-20 06:16:00+00:00,Success,Rocket 3,Astra,"LP-3B, Pacific Spaceport Complex, Kodiak, Alaska, USA",2021,28980.0
6851,2021-10-24 01:27:00+00:00,Success,Long March 3B/E,CASC,"LC-2, Xichang Satellite Launch Center, China",2021,1476000.0
6853,2021-11-05 02:19:00+00:00,Success,Long March 6,CASC,"LC-16, Taiyuan Satellite Launch Center, China",2021,324450.0
6854,2021-11-06 03:00:00+00:00,Success,Long March 2D,CASC,"LC-3, Xichang Satellite Launch Center, China",2021,828000.0
6855,2021-12-23 10:12:00+00:00,Success,Long March 7A,CASC,"LC-201, Wenchang Satellite Launch Center, China",2021,1575000.0
6856,2021-11-26 16:40:00+00:00,Success,Long March 3B/E,CASC,"LC-2, Xichang Satellite Launch Center, China",2021,1476000.0
6861,2021-11-20 01:51:00+00:00,Success,Long March 4B,CASC,"LC-9, Taiyuan Satellite Launch Center, China",2021,900000.0
6862,2021-11-22 23:45:00+00:00,Success,Long March 4C,CASC,"Site 9401 (SLS-2), Jiuquan Satellite Launch Center, China",2021,900000.0
6870,2021-12-07 04:12:00+00:00,Success,Ceres-1,Galactic Energy,"Site 95, Jiuquan Satellite Launch Center, China",2021,94050.0
6872,2021-12-10 00:11:00+00:00,Success,Long March 4B,CASC,"Site 9401 (SLS-2), Jiuquan Satellite Launch Center, China",2021,900000.0
6874,2021-12-13 16:09:00+00:00,Success,Long March 3B/E,CASC,"LC-3, Xichang Satellite Launch Center, China",2021,1476000.0
6876,2021-12-15 02:00:00+00:00,Failure,Kuaizhou 1A,ExPace,"Site 95, Jiuquan Satellite Launch Center, China",2021,142500.0
6878,2021-12-26 03:11:00+00:00,Success,Long March 4C,CASC,"LC-9, Taiyuan Satellite Launch Center, China",2021,900000.0
6882,2021-12-29 16:43:00+00:00,Success,Long March 3B/E,CASC,"LC-2, Xichang Satellite Launch Center, China",2021,1476000.0
6886,2021-12-30 03:30:00+00:00,Failure,Simorgh,Iranian Space Agency,"Imam Khomeini Spaceport, Semnan Space Center, Iran",2021,313200.0
6885,2021-12-29 11:13:00+00:00,Success,Long March 2D,CASC,"Site 9401 (SLS-2), Jiuquan Satellite Launch Center, China",2021,828000.0
